flow_date,meter_id,scheduled_dth,actual_dth,pressure_psig,temperature_f,variance_pct
2026-06-30,OKT-001,73978,76199,746.7,79.8,3.0
2026-06-30,OKT-002,23780,23556,910.2,81.2,-0.94
2026-06-30,OKT-003,37882,39566,783.7,83.2,4.45
2026-06-30,OKT-004,53393,53451,761.7,85.2,0.11
2026-06-30,OKT-005,16090,16355,886.1,76.1,1.65
2026-06-30,OKT-006,32668,30972,941.3,77.0,-5.19
2026-06-30,OKT-007,55531,54790,682.4,81.7,-1.33
2026-06-30,OKT-008,71415,67595,827.8,81.7,-5.35
2026-06-30,OKT-009,18076,18254,793.5,76.2,0.99
2026-06-30,OKT-010,91105,86216,821.5,76.7,-5.37
2026-06-30,OKT-011,35924,37107,862.8,79.7,3.29
2026-06-30,OKT-012,51388,51100,735.3,84.1,-0.56
2026-06-30,OKT-013,67537,67841,681.6,86.5,0.45
2026-06-30,OKT-014,21218,21012,912.2,86.3,-0.97
2026-06-30,OKT-015,56574,54721,753.0,79.2,-3.28
2026-06-30,OKT-016,36040,36407,668.8,83.4,1.02
2026-06-30,OKT-017,24618,23591,758.3,79.1,-4.17
2026-06-30,OKT-018,50312,47637,827.9,87.3,-5.32
2026-06-30,OKT-019,48234,50392,759.1,86.8,4.48
2026-06-30,OKT-020,19976,19845,734.6,78.0,-0.65
2026-07-01,OKT-001,72537,71071,803.7,84.6,-2.02
2026-07-01,OKT-002,23595,24647,674.1,86.6,4.46
2026-07-01,OKT-003,37587,38817,739.2,80.2,3.27
2026-07-01,OKT-004,52353,51371,875.7,79.5,-1.88
2026-07-01,OKT-005,15965,15446,788.4,84.0,-3.25
2026-07-01,OKT-006,32415,31284,756.1,87.3,-3.49
2026-07-01,OKT-007,55100,58182,708.4,79.2,5.59
2026-07-01,OKT-008,70023,72235,685.9,84.2,3.16
2026-07-01,OKT-009,17935,18649,807.4,80.7,3.98
2026-07-01,OKT-010,89330,92254,849.3,84.0,3.27
2026-07-01,OKT-011,35645,36726,732.4,76.5,3.03
2026-07-01,OKT-012,50387,49386,747.1,80.4,-1.99
2026-07-01,OKT-013,67012,64083,713.0,82.8,-4.37
2026-07-01,OKT-014,21053,20608,868.5,82.7,-2.11
2026-07-01,OKT-015,55472,57905,761.2,83.1,4.39
2026-07-01,OKT-016,35760,34364,786.5,81.5,-3.91
2026-07-01,OKT-017,24427,24041,925.0,85.6,-1.58
2026-07-01,OKT-018,49921,52686,919.1,83.5,5.54
2026-07-01,OKT-019,47294,45846,812.5,78.1,-3.06
2026-07-01,OKT-020,19820,19536,879.4,84.5,-1.44
2026-07-02,OKT-001,72855,71076,876.4,87.8,-2.44
2026-07-02,OKT-002,24012,24154,671.6,80.1,0.59
2026-07-02,OKT-003,38252,40404,706.9,83.8,5.63
2026-07-02,OKT-004,52583,52161,865.1,76.0,-0.8
2026-07-02,OKT-005,16247,16498,777.6,85.8,1.54
2026-07-02,OKT-006,32987,34874,719.8,81.9,5.72
2026-07-02,OKT-007,56073,58268,872.5,84.5,3.92
2026-07-02,OKT-008,70331,71442,903.4,83.1,1.58
2026-07-02,OKT-009,18252,18699,852.7,79.7,2.45
2026-07-02,OKT-010,89722,94763,923.2,81.1,5.62
2026-07-02,OKT-011,36275,37512,829.9,76.1,3.41
2026-07-02,OKT-012,50608,48717,707.0,82.8,-3.74
2026-07-02,OKT-013,68196,70455,796.0,76.2,3.31
2026-07-02,OKT-014,21425,22704,713.1,79.9,5.97
2026-07-02,OKT-015,55716,56094,710.0,85.1,0.68
2026-07-02,OKT-016,36392,35434,879.4,83.2,-2.63
2026-07-02,OKT-017,24859,25175,930.5,87.7,1.27
2026-07-02,OKT-018,50803,52809,840.4,87.3,3.95
2026-07-02,OKT-019,47502,48910,695.6,79.6,2.97
2026-07-02,OKT-020,20171,21012,916.8,81.6,4.17
2026-07-03,OKT-001,70839,70594,788.1,78.4,-0.35
2026-07-03,OKT-002,22843,23246,705.2,78.3,1.76
2026-07-03,OKT-003,36390,36147,934.9,84.4,-0.67
2026-07-03,OKT-004,51128,50084,904.6,78.3,-2.04
2026-07-03,OKT-005,15456,15061,704.1,76.1,-2.56
2026-07-03,OKT-006,31382,29761,926.6,87.6,-5.16
2026-07-03,OKT-007,53344,50482,718.4,82.8,-5.36
2026-07-03,OKT-008,68385,69531,864.4,84.2,1.68
2026-07-03,OKT-009,17364,17617,842.5,82.6,1.46
2026-07-03,OKT-010,87240,82251,813.8,81.6,-5.72
2026-07-03,OKT-011,34510,35311,819.3,86.1,2.32
2026-07-03,OKT-012,49207,46526,735.9,84.3,-5.45
2026-07-03,OKT-013,64877,62843,842.6,84.4,-3.13
2026-07-03,OKT-014,20382,21476,693.5,87.8,5.37
2026-07-03,OKT-015,54174,55130,841.4,86.0,1.77
2026-07-03,OKT-016,34621,32650,843.0,80.4,-5.69
2026-07-03,OKT-017,23649,22445,935.4,84.0,-5.09
2026-07-03,OKT-018,48331,51075,753.1,85.2,5.68
2026-07-03,OKT-019,46187,46719,878.9,77.0,1.15
2026-07-03,OKT-020,19189,19827,827.3,85.1,3.33
2026-07-04,OKT-001,67188,65285,877.5,82.8,-2.83
2026-07-04,OKT-002,22141,21543,903.4,79.8,-2.7
2026-07-04,OKT-003,35271,37052,782.7,80.5,5.05
2026-07-04,OKT-004,48493,49758,870.8,84.1,2.61
2026-07-04,OKT-005,14981,14517,797.2,79.6,-3.1
2026-07-04,OKT-006,30417,28695,756.2,81.9,-5.66
2026-07-04,OKT-007,51703,54233,825.9,76.3,4.89
2026-07-04,OKT-008,64860,61068,690.4,76.9,-5.85
2026-07-04,OKT-009,16830,16313,796.2,76.7,-3.07
2026-07-04,OKT-010,82743,87244,711.3,77.0,5.44
2026-07-04,OKT-011,33448,32286,754.5,84.4,-3.48
2026-07-04,OKT-012,46671,46423,813.3,77.9,-0.53
2026-07-04,OKT-013,62881,62849,908.0,82.9,-0.05
2026-07-04,OKT-014,19755,19689,729.8,77.9,-0.33
2026-07-04,OKT-015,51382,53240,761.4,73.7,3.62
2026-07-04,OKT-016,33556,35549,716.0,77.8,5.94
2026-07-04,OKT-017,22921,23767,862.9,81.9,3.69
2026-07-04,OKT-018,46844,46272,785.7,80.3,-1.22
2026-07-04,OKT-019,43807,45965,873.2,75.8,4.93
2026-07-04,OKT-020,18599,17649,911.9,82.0,-5.1
2026-07-05,OKT-001,68475,70056,809.8,83.9,2.31
2026-07-05,OKT-002,22156,22810,922.9,77.2,2.95
2026-07-05,OKT-003,35295,35836,691.4,79.7,1.53
2026-07-05,OKT-004,49422,49104,917.8,77.0,-0.64
2026-07-05,OKT-005,14991,14529,863.6,76.7,-3.08
2026-07-05,OKT-006,30438,31196,700.8,76.1,2.49
2026-07-05,OKT-007,51739,53796,804.8,73.9,3.98
2026-07-05,OKT-008,66102,64650,715.6,85.1,-2.2
2026-07-05,OKT-009,16841,17182,892.3,84.3,2.02
2026-07-05,OKT-010,84328,82083,944.1,74.0,-2.66
2026-07-05,OKT-011,33471,35278,857.6,83.8,5.4
2026-07-05,OKT-012,47565,45507,819.9,77.3,-4.33
2026-07-05,OKT-013,62925,66453,907.7,77.4,5.61
2026-07-05,OKT-014,19769,20847,845.2,81.2,5.45
2026-07-05,OKT-015,52366,55415,861.6,77.6,5.82
2026-07-05,OKT-016,33579,31671,729.7,81.7,-5.68
2026-07-05,OKT-017,22937,22154,856.8,79.2,-3.41
2026-07-05,OKT-018,46876,44937,769.2,77.1,-4.14
2026-07-05,OKT-019,44646,44522,880.3,83.1,-0.28
2026-07-05,OKT-020,18611,17765,875.2,83.7,-4.55
2026-07-06,OKT-001,73489,71411,883.5,86.7,-2.83
2026-07-06,OKT-002,23830,24552,715.5,83.5,3.03
2026-07-06,OKT-003,37962,36187,919.4,86.0,-4.68
2026-07-06,OKT-004,53040,54980,798.4,81.8,3.66
2026-07-06,OKT-005,16124,16592,798.5,85.9,2.9
2026-07-06,OKT-006,32738,31769,869.3,76.2,-2.96
2026-07-06,OKT-007,55649,56480,911.8,80.8,1.49
2026-07-06,OKT-008,70943,74549,891.6,87.2,5.08
2026-07-06,OKT-009,18114,18410,761.8,77.2,1.63
2026-07-06,OKT-010,90503,86856,802.3,83.4,-4.03
2026-07-06,OKT-011,36001,34714,880.2,79.4,-3.57
2026-07-06,OKT-012,51048,52775,773.5,83.1,3.38
2026-07-06,OKT-013,67680,65466,731.8,81.2,-3.27
2026-07-06,OKT-014,21263,21457,913.9,79.0,0.92
2026-07-06,OKT-015,56200,58749,722.2,85.5,4.54
2026-07-06,OKT-016,36117,34105,665.5,84.5,-5.57
2026-07-06,OKT-017,24670,25426,676.7,85.0,3.06
2026-07-06,OKT-018,50419,49288,725.3,84.3,-2.24
2026-07-06,OKT-019,47915,49188,833.1,81.1,2.66
2026-07-06,OKT-020,20018,20040,719.2,78.0,0.11
2026-07-07,OKT-001,73958,78161,754.0,85.7,5.68
2026-07-07,OKT-002,23788,22464,726.3,81.7,-5.57
2026-07-07,OKT-003,37894,38686,768.8,76.6,2.09
2026-07-07,OKT-004,53379,53746,780.2,77.5,0.69
2026-07-07,OKT-005,16095,16662,659.6,76.5,3.52
2026-07-07,OKT-006,32679,30992,797.4,78.4,-5.16
2026-07-07,OKT-007,55549,57586,795.4,82.8,3.67
2026-07-07,OKT-008,71395,68874,766.1,77.4,-3.53
2026-07-07,OKT-009,18082,18333,659.4,83.3,1.39
2026-07-07,OKT-010,91080,93894,951.9,83.0,3.09
2026-07-07,OKT-011,35936,34085,749.0,84.8,-5.15
2026-07-07,OKT-012,51374,51942,887.9,86.3,1.11
2026-07-07,OKT-013,67559,69942,762.4,81.2,3.53
2026-07-07,OKT-014,21225,21203,750.5,77.9,-0.1
2026-07-07,OKT-015,56559,56481,871.3,86.9,-0.14
2026-07-07,OKT-016,36052,36162,731.8,79.6,0.3
2026-07-07,OKT-017,24627,24742,867.2,83.2,0.47
2026-07-07,OKT-018,50329,50554,809.1,84.8,0.45
2026-07-07,OKT-019,48220,48670,920.4,87.0,0.93
2026-07-07,OKT-020,19982,19354,721.1,84.0,-3.14
2026-07-08,OKT-001,72537,69351,705.1,83.7,-4.39
2026-07-08,OKT-002,23853,25106,760.3,85.9,5.26
2026-07-08,OKT-003,37998,38496,763.7,80.3,1.31
2026-07-08,OKT-004,52353,52827,726.6,85.7,0.91
2026-07-08,OKT-005,16140,16552,735.0,85.9,2.55
2026-07-08,OKT-006,32769,33058,720.6,84.4,0.88
2026-07-08,OKT-007,55701,52896,697.1,86.8,-5.04
2026-07-08,OKT-008,70024,71050,714.9,86.5,1.47
2026-07-08,OKT-009,18131,18426,827.1,78.2,1.63
2026-07-08,OKT-010,89330,92139,703.4,79.5,3.14
2026-07-08,OKT-011,36035,37976,705.4,76.0,5.39
2026-07-08,OKT-012,50387,48970,829.8,80.7,-2.81
2026-07-08,OKT-013,67744,71637,724.2,76.1,5.75
2026-07-08,OKT-014,21283,20423,868.2,82.6,-4.04
2026-07-08,OKT-015,55472,52263,840.0,83.2,-5.79
2026-07-08,OKT-016,36151,37142,771.9,86.1,2.74
2026-07-08,OKT-017,24694,25862,776.8,84.7,4.73
2026-07-08,OKT-018,50466,48569,817.7,76.3,-3.76
2026-07-08,OKT-019,47294,45868,807.6,79.7,-3.02
2026-07-08,OKT-020,20037,20199,813.9,79.9,0.81
2026-07-09,OKT-001,74284,78409,820.4,87.3,5.55
2026-07-09,OKT-002,23964,24982,772.6,87.0,4.25
2026-07-09,OKT-003,38176,36681,808.3,77.5,-3.92
2026-07-09,OKT-004,53614,52975,812.0,82.7,-1.19
2026-07-09,OKT-005,16215,16258,670.1,85.2,0.26
2026-07-09,OKT-006,32922,31851,735.9,85.5,-3.25
2026-07-09,OKT-007,55962,57723,841.0,77.4,3.15
2026-07-09,OKT-008,71710,73535,734.9,79.7,2.54
2026-07-09,OKT-009,18216,19077,684.2,87.4,4.73
2026-07-09,OKT-010,91482,88703,808.2,79.4,-3.04
2026-07-09,OKT-011,36203,36268,908.3,87.1,0.18
2026-07-09,OKT-012,51600,50271,847.8,77.2,-2.58
2026-07-09,OKT-013,68061,65464,717.6,85.7,-3.82
2026-07-09,OKT-014,21382,21401,714.8,77.3,0.09
2026-07-09,OKT-015,56808,59589,916.9,80.2,4.89
2026-07-09,OKT-016,36320,38408,915.0,86.6,5.75
2026-07-09,OKT-017,24809,25689,784.5,81.1,3.55
2026-07-09,OKT-018,50702,50947,877.4,86.8,0.48
2026-07-09,OKT-019,48433,46780,920.6,78.4,-3.41
2026-07-09,OKT-020,20131,20741,690.2,87.3,3.03
2026-07-10,OKT-001,73465,76343,790.4,82.4,3.92
2026-07-10,OKT-002,24248,24987,864.4,77.0,3.05
2026-07-10,OKT-003,38627,38201,782.6,78.5,-1.1
2026-07-10,OKT-004,53023,52740,812.1,86.4,-0.53
2026-07-10,OKT-005,16407,16565,881.5,83.2,0.97
2026-07-10,OKT-006,33311,33761,849.5,81.9,1.35
2026-07-10,OKT-007,56624,57340,756.9,78.4,1.26
2026-07-10,OKT-008,70919,71964,864.0,81.8,1.47
2026-07-10,OKT-009,18432,19316,678.8,83.7,4.8
2026-07-10,OKT-010,90473,94981,769.0,80.3,4.98
2026-07-10,OKT-011,36631,38280,792.6,80.0,4.5
2026-07-10,OKT-012,51031,48579,883.0,83.4,-4.81
2026-07-10,OKT-013,68866,66220,919.6,83.7,-3.84
2026-07-10,OKT-014,21635,20462,733.8,84.0,-5.42
2026-07-10,OKT-015,56182,55589,905.8,76.8,-1.06
2026-07-10,OKT-016,36750,37102,858.6,76.6,0.96
2026-07-10,OKT-017,25103,24571,685.3,77.0,-2.12
2026-07-10,OKT-018,51302,51377,753.8,81.3,0.15
2026-07-10,OKT-019,47899,46179,932.4,85.5,-3.59
2026-07-10,OKT-020,20369,21578,788.9,77.2,5.94
2026-07-11,OKT-001,66129,63103,815.1,81.0,-4.58
2026-07-11,OKT-002,21291,20941,694.0,82.8,-1.64
2026-07-11,OKT-003,33917,31948,754.1,74.6,-5.81
2026-07-11,OKT-004,47728,45996,889.2,81.5,-3.63
2026-07-11,OKT-005,14406,13792,877.4,80.6,-4.27
2026-07-11,OKT-006,29250,30040,855.9,75.1,2.7
2026-07-11,OKT-007,49719,50853,848.9,81.1,2.28
2026-07-11,OKT-008,63837,65389,721.5,82.4,2.43
2026-07-11,OKT-009,16184,15863,892.0,73.9,-1.98
2026-07-11,OKT-010,81438,83043,881.0,76.9,1.97
2026-07-11,OKT-011,32165,31140,921.8,74.6,-3.19
2026-07-11,OKT-012,45935,45526,841.0,76.6,-0.89
2026-07-11,OKT-013,60469,62500,696.7,79.1,3.36
2026-07-11,OKT-014,18997,18281,782.5,84.6,-3.77
2026-07-11,OKT-015,50572,50291,710.6,75.2,-0.56
2026-07-11,OKT-016,32269,32148,780.4,79.2,-0.37
2026-07-11,OKT-017,22042,21486,716.0,75.8,-2.52
2026-07-11,OKT-018,45047,43707,692.3,75.8,-2.97
2026-07-11,OKT-019,43116,41939,776.1,80.7,-2.73
2026-07-11,OKT-020,17885,18366,874.4,78.5,2.69
2026-07-12,OKT-001,67839,66969,826.0,77.9,-1.28
2026-07-12,OKT-002,22301,21108,811.9,78.2,-5.35
2026-07-12,OKT-003,35526,37166,843.7,82.8,4.62
2026-07-12,OKT-004,48963,48878,738.1,74.7,-0.17
2026-07-12,OKT-005,15090,15644,890.4,81.3,3.68
2026-07-12,OKT-006,30637,30965,862.8,76.8,1.07
2026-07-12,OKT-007,52078,53652,668.2,75.6,3.02
2026-07-12,OKT-008,65489,67104,894.1,79.2,2.47
2026-07-12,OKT-009,16952,16340,785.9,76.7,-3.61
2026-07-12,OKT-010,83545,82874,728.5,74.9,-0.8
2026-07-12,OKT-011,33690,35648,898.2,79.2,5.81
2026-07-12,OKT-012,47123,46597,748.1,78.0,-1.12
2026-07-12,OKT-013,63337,61615,841.0,77.9,-2.72
2026-07-12,OKT-014,19898,20542,910.2,75.3,3.24
2026-07-12,OKT-015,51880,53540,811.2,84.0,3.2
2026-07-12,OKT-016,33799,33047,700.3,77.0,-2.23
2026-07-12,OKT-017,23087,23489,932.9,81.0,1.74
2026-07-12,OKT-018,47183,46352,805.5,85.1,-1.76
2026-07-12,OKT-019,44231,42151,900.2,78.1,-4.7
2026-07-12,OKT-020,18733,18945,738.0,82.0,1.13
2026-07-13,OKT-001,72764,71705,835.4,80.8,-1.46
2026-07-13,OKT-002,23818,23626,732.4,76.0,-0.81
2026-07-13,OKT-003,37943,39283,893.3,83.4,3.53
2026-07-13,OKT-004,52517,51670,902.4,84.7,-1.61
2026-07-13,OKT-005,16116,15944,771.9,81.3,-1.07
2026-07-13,OKT-006,32721,33063,709.4,77.0,1.05
2026-07-13,OKT-007,55620,53645,850.5,84.8,-3.55
2026-07-13,OKT-008,70243,68944,729.8,83.2,-1.85
2026-07-13,OKT-009,18105,18055,776.2,81.6,-0.28
2026-07-13,OKT-010,89610,89682,792.1,81.9,0.08
2026-07-13,OKT-011,35982,35954,784.2,77.8,-0.08
2026-07-13,OKT-012,50545,48616,815.1,78.8,-3.81
2026-07-13,OKT-013,67645,68790,927.7,81.7,1.69
2026-07-13,OKT-014,21252,22442,787.8,86.8,5.6
2026-07-13,OKT-015,55646,58520,804.8,82.3,5.16
2026-07-13,OKT-016,36098,36984,792.3,81.2,2.45
2026-07-13,OKT-017,24658,26054,786.5,78.8,5.66
2026-07-13,OKT-018,50393,48872,786.5,77.9,-3.02
2026-07-13,OKT-019,47442,49798,934.6,86.3,4.96
2026-07-13,OKT-020,20008,20711,687.4,87.2,3.51
2026-07-14,OKT-001,71705,73070,882.4,86.7,1.9
2026-07-14,OKT-002,23188,22254,925.2,86.8,-4.03
2026-07-14,OKT-003,36939,37768,873.9,82.1,2.25
2026-07-14,OKT-004,51753,49181,798.0,82.0,-4.97
2026-07-14,OKT-005,15690,15342,664.7,81.9,-2.21
2026-07-14,OKT-006,31856,31246,898.0,83.4,-1.91
2026-07-14,OKT-007,54149,55100,870.7,86.5,1.76
2026-07-14,OKT-008,69220,68947,809.8,81.6,-0.39
2026-07-14,OKT-009,17626,17869,793.2,86.8,1.38
2026-07-14,OKT-010,88305,83044,769.8,84.3,-5.96
2026-07-14,OKT-011,35030,33161,713.7,76.4,-5.34
2026-07-14,OKT-012,49809,47733,871.5,86.7,-4.17
2026-07-14,OKT-013,65856,68964,832.2,80.8,4.72
2026-07-14,OKT-014,20690,20483,925.7,83.4,-1.0
2026-07-14,OKT-015,54836,57698,830.0,84.7,5.22
2026-07-14,OKT-016,35144,33776,830.2,76.6,-3.89
2026-07-14,OKT-017,24006,24838,792.8,80.2,3.47
2026-07-14,OKT-018,49060,49238,720.2,86.5,0.36
2026-07-14,OKT-019,46751,48347,831.9,76.9,3.41
2026-07-14,OKT-020,19479,20571,705.8,76.4,5.61
2026-07-15,OKT-001,71639,73449,752.0,76.5,2.53
2026-07-15,OKT-002,23128,24010,803.3,76.1,3.81
2026-07-15,OKT-003,36844,36683,899.1,80.1,-0.44
2026-07-15,OKT-004,51705,48646,798.9,80.5,-5.92
2026-07-15,OKT-005,15649,15661,798.7,81.3,0.07
2026-07-15,OKT-006,31774,30662,936.2,84.8,-3.5
2026-07-15,OKT-007,54010,56397,752.1,78.7,4.42
2026-07-15,OKT-008,69156,65086,830.1,87.3,-5.89
2026-07-15,OKT-009,17581,17874,739.1,78.1,1.67
2026-07-15,OKT-010,88224,84494,876.7,83.6,-4.23
2026-07-15,OKT-011,34941,33466,708.8,82.0,-4.22
2026-07-15,OKT-012,49763,50167,904.3,84.7,0.81
2026-07-15,OKT-013,65687,63794,916.9,82.7,-2.88
2026-07-15,OKT-014,20636,20333,900.3,75.8,-1.47
2026-07-15,OKT-015,54785,52640,695.1,84.9,-3.92
2026-07-15,OKT-016,35053,33607,883.1,80.3,-4.12
2026-07-15,OKT-017,23944,23691,899.3,80.7,-1.06
2026-07-15,OKT-018,48934,48286,872.0,81.8,-1.32
2026-07-15,OKT-019,46708,44817,688.7,78.8,-4.05
2026-07-15,OKT-020,19429,20481,821.9,75.9,5.42
2026-07-16,OKT-001,72143,71544,800.4,80.1,-0.83
2026-07-16,OKT-002,23467,24823,800.8,78.9,5.78
2026-07-16,OKT-003,37384,39488,721.7,86.8,5.63
2026-07-16,OKT-004,52069,53800,747.2,82.6,3.32
2026-07-16,OKT-005,15879,15024,743.2,79.6,-5.38
2026-07-16,OKT-006,32239,33358,936.5,78.4,3.47
2026-07-16,OKT-007,54801,54264,816.7,77.5,-0.98
2026-07-16,OKT-008,69644,65625,849.0,86.2,-5.77
2026-07-16,OKT-009,17838,17447,907.2,75.7,-2.19
2026-07-16,OKT-010,88846,92713,735.3,81.7,4.35
2026-07-16,OKT-011,35452,34870,927.8,87.2,-1.64
2026-07-16,OKT-012,50113,50031,689.3,85.7,-0.17
2026-07-16,OKT-013,66649,64761,772.1,81.3,-2.83
2026-07-16,OKT-014,20939,22029,678.4,76.4,5.21
2026-07-16,OKT-015,55171,53700,932.5,76.7,-2.67
2026-07-16,OKT-016,35567,33937,677.6,84.4,-4.58
2026-07-16,OKT-017,24295,24107,761.0,86.8,-0.77
2026-07-16,OKT-018,49651,50752,839.6,87.2,2.22
2026-07-16,OKT-019,47038,47839,720.7,82.0,1.7
2026-07-16,OKT-020,19713,20016,792.2,82.4,1.54
2026-07-17,OKT-001,71584,67648,909.5,87.5,-5.5
2026-07-17,OKT-002,23574,22202,678.4,84.9,-5.82
2026-07-17,OKT-003,37554,35976,695.0,79.4,-4.2
2026-07-17,OKT-004,51666,49621,909.5,83.3,-3.96
2026-07-17,OKT-005,15951,15806,678.6,79.3,-0.91
2026-07-17,OKT-006,32386,32647,812.9,84.1,0.81
2026-07-17,OKT-007,55051,57920,876.1,79.0,5.21
2026-07-17,OKT-008,69104,71419,729.0,84.5,3.35
2026-07-17,OKT-009,17919,17149,843.7,81.5,-4.3
2026-07-17,OKT-010,88157,84162,787.2,76.3,-4.53
2026-07-17,OKT-011,35614,36145,935.2,87.1,1.49
2026-07-17,OKT-012,49725,50463,705.8,79.9,1.48
2026-07-17,OKT-013,66952,70447,756.0,78.9,5.22
2026-07-17,OKT-014,21034,20216,800.1,76.3,-3.89
2026-07-17,OKT-015,54744,55244,711.4,77.2,0.91
2026-07-17,OKT-016,35729,36924,761.4,85.1,3.34
2026-07-17,OKT-017,24405,25756,714.5,86.3,5.53
2026-07-17,OKT-018,49877,51513,870.3,76.8,3.28
2026-07-17,OKT-019,46673,48970,885.5,85.9,4.92
2026-07-17,OKT-020,19803,19046,927.5,81.0,-3.82
2026-07-18,OKT-001,65939,69583,784.7,80.5,5.53
2026-07-18,OKT-002,21402,22187,853.0,79.3,3.67
2026-07-18,OKT-003,34094,33342,935.5,84.1,-2.21
2026-07-18,OKT-004,47591,48113,920.0,77.6,1.1
2026-07-18,OKT-005,14481,14925,851.8,81.0,3.06
2026-07-18,OKT-006,29402,29219,941.4,74.1,-0.62
2026-07-18,OKT-007,49979,50137,702.5,83.4,0.32
2026-07-18,OKT-008,63654,59959,696.4,74.4,-5.81
2026-07-18,OKT-009,16269,16009,795.9,73.8,-1.6
2026-07-18,OKT-010,81204,85076,743.3,73.4,4.77
2026-07-18,OKT-011,32333,32223,853.7,77.8,-0.34
2026-07-18,OKT-012,45803,44681,858.8,75.0,-2.45
2026-07-18,OKT-013,60784,60189,829.5,84.3,-0.98
2026-07-18,OKT-014,19096,18093,930.5,80.8,-5.25
2026-07-18,OKT-015,50426,49131,728.0,78.2,-2.57
2026-07-18,OKT-016,32437,31764,758.5,82.9,-2.08
2026-07-18,OKT-017,22157,21476,846.0,83.0,-3.07
2026-07-18,OKT-018,45282,47560,855.1,76.8,5.03
2026-07-18,OKT-019,42992,41870,694.8,79.9,-2.61
2026-07-18,OKT-020,17978,17549,751.5,84.2,-2.39
2026-07-19,OKT-001,67111,70839,887.7,79.8,5.56
2026-07-19,OKT-002,21673,22728,896.3,83.5,4.87
2026-07-19,OKT-003,34525,35039,893.7,79.0,1.49
2026-07-19,OKT-004,48437,50327,685.1,79.9,3.9
2026-07-19,OKT-005,14664,15160,715.8,81.4,3.38
2026-07-19,OKT-006,29774,29668,875.8,74.6,-0.35
2026-07-19,OKT-007,50610,48709,698.5,83.4,-3.76
2026-07-19,OKT-008,64785,67479,916.3,74.9,4.16
2026-07-19,OKT-009,16474,15749,733.3,84.5,-4.4
2026-07-19,OKT-010,82648,80585,909.2,76.9,-2.5
2026-07-19,OKT-011,32741,32755,868.2,78.8,0.04
2026-07-19,OKT-012,46617,48079,780.7,81.6,3.14
2026-07-19,OKT-013,61552,62847,815.1,73.5,2.1
2026-07-19,OKT-014,19338,19225,929.3,73.7,-0.58
2026-07-19,OKT-015,51323,54218,808.4,79.1,5.64
2026-07-19,OKT-016,32847,31949,891.8,84.6,-2.73
2026-07-19,OKT-017,22437,21245,866.3,79.0,-5.31
2026-07-19,OKT-018,45854,43442,817.3,81.8,-5.26
2026-07-19,OKT-019,43756,44091,754.6,76.9,0.76
2026-07-19,OKT-020,18206,18888,798.5,77.2,3.75
2026-07-20,OKT-001,71155,75308,758.9,80.1,5.84
2026-07-20,OKT-002,23279,22531,691.5,84.5,-3.21
2026-07-20,OKT-003,37083,39115,794.5,82.5,5.48
2026-07-20,OKT-004,51356,52419,845.0,79.9,2.07
2026-07-20,OKT-005,15751,15056,892.5,82.8,-4.41
2026-07-20,OKT-006,31980,30538,767.9,78.4,-4.51
2026-07-20,OKT-007,54361,52976,868.6,87.6,-2.55
2026-07-20,OKT-008,68689,70480,880.7,82.6,2.61
2026-07-20,OKT-009,17695,17927,675.8,79.9,1.31
2026-07-20,OKT-010,87628,84507,736.4,76.2,-3.56
2026-07-20,OKT-011,35167,36228,787.2,85.4,3.02
2026-07-20,OKT-012,49427,50372,672.1,83.4,1.91
2026-07-20,OKT-013,66113,68117,746.9,81.3,3.03
2026-07-20,OKT-014,20770,20305,851.6,81.8,-2.24
2026-07-20,OKT-015,54415,52699,839.3,79.6,-3.15
2026-07-20,OKT-016,35281,36782,720.0,86.6,4.26
2026-07-20,OKT-017,24099,23742,701.9,81.6,-1.48
2026-07-20,OKT-018,49252,48088,878.7,83.4,-2.36
2026-07-20,OKT-019,46393,48225,866.7,86.4,3.95
2026-07-20,OKT-020,19555,20423,932.9,76.9,4.44
2026-07-21,OKT-001,71071,68241,893.4,81.9,-3.98
2026-07-21,OKT-002,23389,24222,887.2,80.6,3.56
2026-07-21,OKT-003,37260,35704,764.8,86.9,-4.17
2026-07-21,OKT-004,51295,51023,717.0,80.0,-0.53
2026-07-21,OKT-005,15826,14963,887.6,81.0,-5.45
2026-07-21,OKT-006,32132,32484,697.5,80.6,1.1
2026-07-21,OKT-007,54619,56544,735.1,81.5,3.52
2026-07-21,OKT-008,68609,70692,702.1,78.6,3.04
2026-07-21,OKT-009,17779,16862,792.1,85.2,-5.16
2026-07-21,OKT-010,87525,90487,928.5,78.7,3.38
2026-07-21,OKT-011,35335,35379,733.9,83.6,0.13
2026-07-21,OKT-012,49369,49682,817.9,78.1,0.64
2026-07-21,OKT-013,66428,63710,755.3,87.4,-4.09
2026-07-21,OKT-014,20869,21482,823.3,82.5,2.94
2026-07-21,OKT-015,54351,56252,795.0,77.3,3.5
2026-07-21,OKT-016,35449,36415,833.3,85.8,2.73
2026-07-21,OKT-017,24214,25185,811.2,83.0,4.01
2026-07-21,OKT-018,49486,46684,793.2,83.1,-5.66
2026-07-21,OKT-019,46338,47370,779.3,85.0,2.23
2026-07-21,OKT-020,19648,20536,896.0,77.8,4.52
2026-07-22,OKT-001,70881,67627,749.2,82.0,-4.59
2026-07-22,OKT-002,23218,24337,701.6,82.6,4.82
2026-07-22,OKT-003,36987,35972,796.7,77.3,-2.74
2026-07-22,OKT-004,51158,52218,867.0,82.6,2.07
2026-07-22,OKT-005,15710,15189,860.7,80.9,-3.32
2026-07-22,OKT-006,31897,32767,812.4,84.7,2.73
2026-07-22,OKT-007,54220,57349,836.5,86.1,5.77
2026-07-22,OKT-008,68425,71423,822.7,81.5,4.38
2026-07-22,OKT-009,17649,17569,835.2,86.1,-0.45
2026-07-22,OKT-010,87291,87946,934.1,79.4,0.75
2026-07-22,OKT-011,35076,33548,781.5,76.8,-4.36
2026-07-22,OKT-012,49237,49671,755.9,85.6,0.88
2026-07-22,OKT-013,65942,63127,923.4,81.9,-4.27
2026-07-22,OKT-014,20717,21232,719.5,82.2,2.49
2026-07-22,OKT-015,54206,57057,827.4,77.7,5.26
2026-07-22,OKT-016,35189,33222,740.8,80.9,-5.59
2026-07-22,OKT-017,24037,22738,784.5,85.3,-5.41
2026-07-22,OKT-018,49124,48404,826.1,77.7,-1.46
2026-07-22,OKT-019,46215,44523,702.3,81.9,-3.66
2026-07-22,OKT-020,19504,20556,746.8,86.1,5.39
2026-07-23,OKT-001,73561,74661,686.7,85.1,1.5
2026-07-23,OKT-002,24153,23202,723.9,76.4,-3.94
2026-07-23,OKT-003,38476,40692,927.1,87.2,5.76
2026-07-23,OKT-004,53092,53770,831.7,87.2,1.28
2026-07-23,OKT-005,16343,17207,710.9,84.9,5.29
2026-07-23,OKT-006,33181,33691,880.0,78.9,1.54
2026-07-23,OKT-007,56402,59292,915.9,85.0,5.12
2026-07-23,OKT-008,71012,67797,931.4,85.3,-4.53
2026-07-23,OKT-009,18359,19402,865.1,78.1,5.68
2026-07-23,OKT-010,90591,87818,708.7,83.2,-3.06
2026-07-23,OKT-011,36488,37604,758.2,82.6,3.06
2026-07-23,OKT-012,51098,51782,783.2,85.0,1.34
2026-07-23,OKT-013,68596,65859,865.1,83.6,-3.99
2026-07-23,OKT-014,21550,21606,827.4,81.8,0.26
2026-07-23,OKT-015,56255,56162,883.5,85.0,-0.17
2026-07-23,OKT-016,36606,38572,794.2,81.2,5.37
2026-07-23,OKT-017,25004,25286,707.9,76.6,1.13
2026-07-23,OKT-018,51101,50345,926.0,81.2,-1.48
2026-07-23,OKT-019,47962,48527,892.8,80.1,1.18
2026-07-23,OKT-020,20289,19446,717.9,86.4,-4.15
2026-07-24,OKT-001,72224,69870,852.4,77.5,-3.26
2026-07-24,OKT-002,23531,24346,875.9,82.0,3.46
2026-07-24,OKT-003,37485,37650,903.2,83.5,0.44
2026-07-24,OKT-004,52128,52771,711.5,78.8,1.23
2026-07-24,OKT-005,15922,15465,764.7,82.0,-2.87
2026-07-24,OKT-006,32327,33172,953.9,82.9,2.61
2026-07-24,OKT-007,54950,54990,686.6,84.7,0.07
2026-07-24,OKT-008,69722,73837,823.9,79.5,5.9
2026-07-24,OKT-009,17887,18875,667.3,76.4,5.53
2026-07-24,OKT-010,88945,90610,707.8,84.4,1.87
2026-07-24,OKT-011,35549,36104,895.7,79.2,1.56
2026-07-24,OKT-012,50170,48869,700.3,80.1,-2.59
2026-07-24,OKT-013,66830,64207,860.5,83.8,-3.93
2026-07-24,OKT-014,20996,21782,709.6,79.5,3.75
2026-07-24,OKT-015,55233,54917,892.3,78.8,-0.57
2026-07-24,OKT-016,35663,34664,766.6,81.5,-2.8
2026-07-24,OKT-017,24361,24546,785.1,77.2,0.76
2026-07-24,OKT-018,49786,49542,893.6,83.0,-0.49
2026-07-24,OKT-019,47090,49196,907.6,84.0,4.47
2026-07-24,OKT-020,19767,20937,719.2,86.7,5.92
2026-07-25,OKT-001,67921,71520,840.7,81.7,5.3
2026-07-25,OKT-002,21932,22332,842.9,76.0,1.83
2026-07-25,OKT-003,34938,37029,771.4,84.0,5.99
2026-07-25,OKT-004,49021,48325,940.6,73.4,-1.42
2026-07-25,OKT-005,14840,15678,735.6,84.9,5.65
2026-07-25,OKT-006,30130,29084,721.0,81.8,-3.47
2026-07-25,OKT-007,51216,52283,782.2,75.6,2.08
2026-07-25,OKT-008,65567,66659,826.7,74.2,1.67
2026-07-25,OKT-009,16671,15830,898.2,75.7,-5.05
2026-07-25,OKT-010,83645,80489,913.8,79.0,-3.77
2026-07-25,OKT-011,33133,31398,715.1,82.6,-5.24
2026-07-25,OKT-012,47180,49948,861.2,73.6,5.87
2026-07-25,OKT-013,62289,65976,749.3,83.9,5.92
2026-07-25,OKT-014,19569,19362,707.8,79.7,-1.06
2026-07-25,OKT-015,51942,54446,888.5,83.6,4.82
2026-07-25,OKT-016,33240,32257,860.0,73.4,-2.96
2026-07-25,OKT-017,22705,21381,782.6,73.6,-5.83
2026-07-25,OKT-018,46402,47496,943.9,83.9,2.36
2026-07-25,OKT-019,44284,46629,938.2,82.3,5.29
2026-07-25,OKT-020,18423,18588,904.0,84.3,0.89
2026-07-26,OKT-001,65580,66784,718.7,84.8,1.84
2026-07-26,OKT-002,21293,20995,824.0,81.2,-1.4
2026-07-26,OKT-003,33920,34212,895.2,81.3,0.86
2026-07-26,OKT-004,47332,49949,891.3,74.6,5.53
2026-07-26,OKT-005,14408,14879,821.7,82.4,3.28
2026-07-26,OKT-006,29252,27945,872.5,83.7,-4.47
2026-07-26,OKT-007,49724,49446,734.9,75.5,-0.56
2026-07-26,OKT-008,63308,63831,762.8,77.4,0.83
2026-07-26,OKT-009,16186,15794,798.0,78.5,-2.42
2026-07-26,OKT-010,80762,80725,841.9,76.3,-0.05
2026-07-26,OKT-011,32168,32456,868.4,76.1,0.9
2026-07-26,OKT-012,45554,46659,875.6,81.0,2.43
2026-07-26,OKT-013,60474,60041,913.1,75.0,-0.72
2026-07-26,OKT-014,18999,18746,780.5,84.0,-1.33
2026-07-26,OKT-015,50152,52380,952.4,74.8,4.44
2026-07-26,OKT-016,32272,32197,819.8,80.0,-0.23
2026-07-26,OKT-017,22044,23119,732.8,81.5,4.88
2026-07-26,OKT-018,45051,43150,740.9,73.7,-4.22
2026-07-26,OKT-019,42758,42994,855.6,79.9,0.55
2026-07-26,OKT-020,17887,18798,838.9,82.4,5.09
2026-07-27,OKT-001,74567,76057,704.8,86.8,2.0
2026-07-27,OKT-002,24639,23328,767.1,82.5,-5.32
2026-07-27,OKT-003,39251,40577,939.3,79.5,3.38
2026-07-27,OKT-004,53819,51908,806.0,76.3,-3.55
2026-07-27,OKT-005,16672,16639,768.3,78.0,-0.2
2026-07-27,OKT-006,33849,35414,897.9,76.9,4.62
2026-07-27,OKT-007,57538,58669,818.7,86.1,1.96
2026-07-27,OKT-008,71983,75760,794.9,84.0,5.25
2026-07-27,OKT-009,18729,19839,668.6,85.1,5.92
2026-07-27,OKT-010,91830,93077,887.5,84.4,1.36
2026-07-27,OKT-011,37223,37370,692.1,77.8,0.4
2026-07-27,OKT-012,51797,53636,802.0,84.3,3.55
2026-07-27,OKT-013,69978,68481,927.6,86.8,-2.14
2026-07-27,OKT-014,21984,22815,758.8,83.0,3.78
2026-07-27,OKT-015,57025,53686,913.2,80.0,-5.86
2026-07-27,OKT-016,37343,37831,890.9,82.2,1.31
2026-07-27,OKT-017,25508,25281,861.9,82.9,-0.89
2026-07-27,OKT-018,52131,54335,711.0,77.3,4.23
2026-07-27,OKT-019,48618,48949,803.5,86.4,0.68
2026-07-27,OKT-020,20698,20441,923.4,85.3,-1.24
2026-07-28,OKT-001,73876,75934,757.8,82.4,2.79
2026-07-28,OKT-002,23766,24069,679.6,83.8,1.27
2026-07-28,OKT-003,37860,35841,709.7,83.7,-5.33
2026-07-28,OKT-004,53320,51765,764.0,82.3,-2.92
2026-07-28,OKT-005,16081,16317,840.6,81.6,1.47
2026-07-28,OKT-006,32650,34028,690.4,78.5,4.22
2026-07-28,OKT-007,55499,52218,780.8,78.7,-5.91
2026-07-28,OKT-008,71316,73259,878.8,85.4,2.72
2026-07-28,OKT-009,18065,17774,818.5,85.7,-1.62
2026-07-28,OKT-010,90980,94233,833.4,76.7,3.58
2026-07-28,OKT-011,35904,34016,769.9,77.8,-5.26
2026-07-28,OKT-012,51317,52881,767.9,80.3,3.05
2026-07-28,OKT-013,67498,66997,914.3,84.2,-0.74
2026-07-28,OKT-014,21205,20428,859.2,81.8,-3.67
2026-07-28,OKT-015,56497,55825,826.8,85.8,-1.19
2026-07-28,OKT-016,36020,35129,862.0,78.2,-2.47
2026-07-28,OKT-017,24604,25899,750.1,81.2,5.26
2026-07-28,OKT-018,50283,51219,697.9,87.7,1.86
2026-07-28,OKT-019,48167,50519,818.0,80.7,4.88
2026-07-28,OKT-020,19964,20384,702.8,86.6,2.1
2026-07-29,OKT-001,73400,72960,748.5,78.0,-0.6
2026-07-29,OKT-002,23774,23525,863.9,85.3,-1.04
2026-07-29,OKT-003,37872,35716,802.3,84.7,-5.69
2026-07-29,OKT-004,52976,52062,786.7,84.7,-1.73
2026-07-29,OKT-005,16086,15874,804.9,78.1,-1.32
2026-07-29,OKT-006,32660,34576,925.5,87.5,5.87
2026-07-29,OKT-007,55517,56540,677.2,79.8,1.84
2026-07-29,OKT-008,70857,70154,912.4,83.9,-0.99
2026-07-29,OKT-009,18071,17934,671.8,77.9,-0.76
2026-07-29,OKT-010,90393,92819,787.3,79.2,2.68
2026-07-29,OKT-011,35915,37724,757.6,80.7,5.04
2026-07-29,OKT-012,50986,52047,710.3,86.0,2.08
2026-07-29,OKT-013,67519,65358,699.8,85.4,-3.2
2026-07-29,OKT-014,21212,22472,927.4,84.8,5.94
2026-07-29,OKT-015,56132,56031,795.3,76.7,-0.18
2026-07-29,OKT-016,36031,37527,794.2,83.7,4.15
2026-07-29,OKT-017,24612,25514,843.4,80.7,3.66
2026-07-29,OKT-018,50299,52632,704.4,85.7,4.64
2026-07-29,OKT-019,47857,46535,928.9,80.7,-2.76
2026-07-29,OKT-020,19970,20592,850.8,80.0,3.11
2026-07-30,OKT-001,73421,73789,880.3,78.0,0.5
2026-07-30,OKT-002,23771,23436,910.8,76.5,-1.41
2026-07-30,OKT-003,37869,39461,920.4,86.9,4.21
2026-07-30,OKT-004,52991,50344,772.3,77.8,-5.0
2026-07-30,OKT-005,16085,15829,849.4,79.9,-1.59
2026-07-30,OKT-006,32657,32109,711.9,85.5,-1.68
2026-07-30,OKT-007,55512,56925,704.4,84.7,2.55
2026-07-30,OKT-008,70877,71050,858.8,87.5,0.24
2026-07-30,OKT-009,18070,17747,759.3,77.9,-1.78
2026-07-30,OKT-010,90419,85531,727.7,80.9,-5.41
2026-07-30,OKT-011,35912,34766,904.6,85.5,-3.19
2026-07-30,OKT-012,51001,49220,911.7,85.4,-3.49
2026-07-30,OKT-013,67513,69475,802.4,83.6,2.91
2026-07-30,OKT-014,21210,20055,897.3,80.2,-5.45
2026-07-30,OKT-015,56148,57779,853.1,76.4,2.9
2026-07-30,OKT-016,36028,35300,703.2,81.9,-2.02
2026-07-30,OKT-017,24610,26061,895.9,81.8,5.9
2026-07-30,OKT-018,50295,50819,824.1,87.7,1.04
2026-07-30,OKT-019,47871,46262,760.4,84.8,-3.36
2026-07-30,OKT-020,19969,19411,921.2,78.1,-2.79
2026-07-31,OKT-001,74430,77614,876.7,85.9,4.28
2026-07-31,OKT-002,24282,23914,679.8,86.0,-1.51
2026-07-31,OKT-003,38681,37396,814.1,81.6,-3.32
2026-07-31,OKT-004,53720,53851,823.6,80.3,0.25
2026-07-31,OKT-005,16430,17175,820.0,77.2,4.54
2026-07-31,OKT-006,33358,34915,889.9,81.0,4.67
2026-07-31,OKT-007,56703,56358,675.1,87.1,-0.61
2026-07-31,OKT-008,71851,75887,926.5,85.7,5.62
2026-07-31,OKT-009,18457,18620,709.8,86.6,0.88
2026-07-31,OKT-010,91661,95964,812.2,75.9,4.69
2026-07-31,OKT-011,36683,38645,934.7,81.9,5.35
2026-07-31,OKT-012,51702,52414,670.3,77.2,1.38
2026-07-31,OKT-013,68962,65803,777.0,84.6,-4.58
2026-07-31,OKT-014,21665,21478,721.1,80.7,-0.87
2026-07-31,OKT-015,56920,58870,738.6,82.8,3.43
2026-07-31,OKT-016,36801,38293,889.6,76.8,4.05
2026-07-31,OKT-017,25138,26358,743.9,80.4,4.85
2026-07-31,OKT-018,51374,48633,798.7,79.3,-5.34
2026-07-31,OKT-019,48528,47093,851.8,87.9,-2.96
2026-07-31,OKT-020,20397,21057,879.4,85.0,3.23
2026-08-01,OKT-001,65327,66655,706.6,77.5,2.03
2026-08-01,OKT-002,21470,21391,810.9,81.7,-0.37
2026-08-01,OKT-003,34203,35154,828.6,82.3,2.78
2026-08-01,OKT-004,47149,49972,753.6,83.1,5.99
2026-08-01,OKT-005,14528,15100,664.5,80.2,3.94
2026-08-01,OKT-006,29496,28713,954.9,74.2,-2.66
2026-08-01,OKT-007,50138,50366,671.5,73.6,0.45
2026-08-01,OKT-008,63063,60987,701.2,83.7,-3.29
2026-08-01,OKT-009,16320,15775,863.5,79.5,-3.34
2026-08-01,OKT-010,80451,84035,919.9,76.3,4.45
2026-08-01,OKT-011,32436,32958,882.7,85.4,1.61
2026-08-01,OKT-012,45378,45001,860.6,79.6,-0.83
2026-08-01,OKT-013,60978,60069,678.1,80.8,-1.49
2026-08-01,OKT-014,19157,19521,735.0,76.2,1.9
2026-08-01,OKT-015,49958,47752,928.6,83.3,-4.42
2026-08-01,OKT-016,32540,33160,816.3,79.8,1.91
2026-08-01,OKT-017,22228,23339,907.5,79.0,5.0
2026-08-01,OKT-018,45426,42963,852.1,82.8,-5.42
2026-08-01,OKT-019,42593,40692,823.4,81.8,-4.46
2026-08-01,OKT-020,18036,17443,687.7,84.1,-3.29
2026-08-02,OKT-001,68863,65025,688.0,78.0,-5.57
2026-08-02,OKT-002,22418,22777,825.5,80.8,1.6
2026-08-02,OKT-003,35712,35540,886.7,76.2,-0.48
2026-08-02,OKT-004,49701,51579,702.0,73.9,3.78
2026-08-02,OKT-005,15169,15588,848.0,76.5,2.76
2026-08-02,OKT-006,30797,29071,849.7,77.0,-5.61
2026-08-02,OKT-007,52350,49864,667.5,76.4,-4.75
2026-08-02,OKT-008,66477,63955,748.9,85.3,-3.79
2026-08-02,OKT-009,17041,16698,818.4,81.4,-2.01
2026-08-02,OKT-010,84805,88317,738.8,80.6,4.14
2026-08-02,OKT-011,33867,35551,923.5,84.5,4.97
2026-08-02,OKT-012,47834,46700,793.3,81.6,-2.37
2026-08-02,OKT-013,63669,62326,922.8,85.2,-2.11
2026-08-02,OKT-014,20002,20374,920.2,80.8,1.86
2026-08-02,OKT-015,52662,54140,813.9,83.0,2.81
2026-08-02,OKT-016,33976,34405,738.3,81.5,1.26
2026-08-02,OKT-017,23208,22042,934.6,79.3,-5.02
2026-08-02,OKT-018,47430,44882,893.3,77.5,-5.37
2026-08-02,OKT-019,44899,47591,946.7,80.3,6.0
2026-08-02,OKT-020,18832,19469,802.0,78.6,3.38
2026-08-03,OKT-001,75022,73428,737.7,82.0,-2.12
2026-08-03,OKT-002,24184,24170,708.5,81.9,-0.06
2026-08-03,OKT-003,38526,38195,750.8,76.9,-0.86
2026-08-03,OKT-004,54147,54653,719.0,80.5,0.93
2026-08-03,OKT-005,16364,16437,680.8,78.9,0.45
2026-08-03,OKT-006,33224,34125,708.3,79.8,2.71
2026-08-03,OKT-007,56475,54618,796.2,77.0,-3.29
2026-08-03,OKT-008,72423,72978,889.5,80.5,0.77
2026-08-03,OKT-009,18383,17588,894.7,82.1,-4.33
2026-08-03,OKT-010,92391,87077,823.0,83.7,-5.75
2026-08-03,OKT-011,36535,36270,721.1,81.6,-0.72
2026-08-03,OKT-012,52113,53630,662.5,85.6,2.91
2026-08-03,OKT-013,68685,70916,701.1,79.9,3.25
2026-08-03,OKT-014,21578,22152,836.2,81.5,2.66
2026-08-03,OKT-015,57373,55357,730.2,76.4,-3.51
2026-08-03,OKT-016,36653,35576,817.7,81.0,-2.94
2026-08-03,OKT-017,25037,25372,923.9,81.9,1.34
2026-08-03,OKT-018,51167,48353,946.3,79.9,-5.5
2026-08-03,OKT-019,48915,48233,725.9,76.3,-1.39
2026-08-03,OKT-020,20315,21054,747.0,76.2,3.64
2026-08-04,OKT-001,71335,67139,875.2,82.7,-5.88
2026-08-04,OKT-002,23369,22421,687.5,79.7,-4.06
2026-08-04,OKT-003,37228,35681,843.1,84.0,-4.15
2026-08-04,OKT-004,51486,54328,870.4,82.9,5.52
2026-08-04,OKT-005,15812,15377,667.7,82.1,-2.75
2026-08-04,OKT-006,32105,31848,778.8,85.6,-0.8
2026-08-04,OKT-007,54572,52883,698.1,83.2,-3.1
2026-08-04,OKT-008,68864,68351,783.6,83.3,-0.74
2026-08-04,OKT-009,17764,17055,890.8,84.4,-3.99
2026-08-04,OKT-010,87850,85646,710.4,87.5,-2.51
2026-08-04,OKT-011,35304,34439,715.3,77.6,-2.45
2026-08-04,OKT-012,49552,51400,779.7,78.7,3.73
2026-08-04,OKT-013,66371,67770,799.7,81.0,2.11
2026-08-04,OKT-014,20851,21268,915.3,80.5,2.0
2026-08-04,OKT-015,54553,56893,829.6,80.6,4.29
2026-08-04,OKT-016,35418,34748,747.7,82.7,-1.89
2026-08-04,OKT-017,24193,23997,767.7,79.6,-0.81
2026-08-04,OKT-018,49444,51769,698.3,81.0,4.7
2026-08-04,OKT-019,46511,47928,845.3,81.2,3.05
2026-08-04,OKT-020,19631,19567,759.5,83.3,-0.32
2026-08-05,OKT-001,71162,72956,926.1,80.2,2.52
2026-08-05,OKT-002,23515,24727,777.8,83.7,5.16
2026-08-05,OKT-003,37459,39558,779.0,81.8,5.6
2026-08-05,OKT-004,51361,53531,790.1,77.8,4.22
2026-08-05,OKT-005,15911,15632,748.6,82.6,-1.75
2026-08-05,OKT-006,32304,33455,798.5,76.3,3.56
2026-08-05,OKT-007,54912,53711,672.1,86.3,-2.19
2026-08-05,OKT-008,68697,66720,932.9,78.9,-2.88
2026-08-05,OKT-009,17874,18269,909.8,77.5,2.21
2026-08-05,OKT-010,87637,84769,724.5,85.7,-3.27
2026-08-05,OKT-011,35524,35787,806.0,80.3,0.74
2026-08-05,OKT-012,49432,50738,872.0,83.1,2.64
2026-08-05,OKT-013,66784,63912,710.0,81.4,-4.3
2026-08-05,OKT-014,20981,20229,730.2,78.8,-3.59
2026-08-05,OKT-015,54421,54366,774.5,76.9,-0.1
2026-08-05,OKT-016,35639,35201,847.7,85.7,-1.23
2026-08-05,OKT-017,24344,25769,742.4,82.6,5.85
2026-08-05,OKT-018,49751,50222,923.4,85.0,0.95
2026-08-05,OKT-019,46398,45001,712.6,77.0,-3.01
2026-08-05,OKT-020,19753,20917,723.1,78.3,5.89
2026-08-06,OKT-001,71925,68811,830.9,82.1,-4.33
2026-08-06,OKT-002,23595,24927,729.7,76.4,5.64
2026-08-06,OKT-003,37588,35411,769.9,79.4,-5.79
2026-08-06,OKT-004,51911,50580,914.0,85.0,-2.56
2026-08-06,OKT-005,15965,16476,676.9,79.2,3.2
2026-08-06,OKT-006,32415,32742,798.6,83.4,1.01
2026-08-06,OKT-007,55100,53851,724.8,79.3,-2.27
2026-08-06,OKT-008,69432,71947,897.1,87.6,3.62
2026-08-06,OKT-009,17936,16974,850.4,86.0,-5.36
2026-08-06,OKT-010,88576,85617,873.1,76.9,-3.34
2026-08-06,OKT-011,35646,35140,894.2,83.9,-1.42
2026-08-06,OKT-012,49961,47689,830.3,85.3,-4.55
2026-08-06,OKT-013,67013,66676,765.4,87.8,-0.5
2026-08-06,OKT-014,21053,22063,742.6,77.8,4.8
2026-08-06,OKT-015,55004,53299,745.6,85.6,-3.1
2026-08-06,OKT-016,35761,36553,846.9,83.3,2.21
2026-08-06,OKT-017,24427,23391,932.5,78.6,-4.24
2026-08-06,OKT-018,49922,49012,713.3,76.8,-1.82
2026-08-06,OKT-019,46895,46751,834.0,77.1,-0.31
2026-08-06,OKT-020,19821,20348,710.1,77.6,2.66
2026-08-07,OKT-001,71385,67134,744.6,84.5,-5.96
2026-08-07,OKT-002,23425,23840,884.5,77.8,1.77
2026-08-07,OKT-003,37317,37637,880.3,84.5,0.86
2026-08-07,OKT-004,51522,52398,826.7,79.2,1.7
2026-08-07,OKT-005,15850,15531,795.4,86.7,-2.01
2026-08-07,OKT-006,32181,31043,771.6,81.9,-3.54
2026-08-07,OKT-007,54703,56225,831.3,78.5,2.78
2026-08-07,OKT-008,68912,68240,761.4,78.4,-0.97
2026-08-07,OKT-009,17806,18857,860.7,85.5,5.9
2026-08-07,OKT-010,87912,91248,753.5,82.5,3.8
2026-08-07,OKT-011,35389,34119,825.4,87.1,-3.59
2026-08-07,OKT-012,49587,50931,786.8,87.7,2.71
2026-08-07,OKT-013,66530,69177,845.0,76.5,3.98
2026-08-07,OKT-014,20901,19823,755.6,77.3,-5.16
2026-08-07,OKT-015,54591,55026,774.6,86.1,0.8
2026-08-07,OKT-016,35503,34132,740.8,87.3,-3.86
2026-08-07,OKT-017,24251,24065,737.8,87.5,-0.77
2026-08-07,OKT-018,49562,49068,725.3,82.7,-1.0
2026-08-07,OKT-019,46543,43890,856.4,79.3,-5.7
2026-08-07,OKT-020,19678,20523,819.7,85.2,4.3
2026-08-08,OKT-001,68441,71860,888.9,76.4,5.0
2026-08-08,OKT-002,22558,23866,756.8,77.5,5.8
2026-08-08,OKT-003,35936,37407,944.4,78.7,4.09
2026-08-08,OKT-004,49397,48940,883.6,84.2,-0.93
2026-08-08,OKT-005,15264,15230,901.1,82.6,-0.22
2026-08-08,OKT-006,30990,29855,783.0,81.0,-3.66
2026-08-08,OKT-007,52678,55160,817.7,84.7,4.71
2026-08-08,OKT-008,66069,68503,882.2,77.1,3.68
2026-08-08,OKT-009,17147,17385,886.6,80.8,1.39
2026-08-08,OKT-010,84286,85012,784.3,80.9,0.86
2026-08-08,OKT-011,34079,33912,723.9,79.2,-0.49
2026-08-08,OKT-012,47541,48235,827.8,74.0,1.46
2026-08-08,OKT-013,64067,64533,760.9,75.3,0.73
2026-08-08,OKT-014,20128,20542,921.1,83.0,2.06
2026-08-08,OKT-015,52340,50789,776.3,80.5,-2.96
2026-08-08,OKT-016,34189,35278,807.6,77.3,3.19
2026-08-08,OKT-017,23354,22968,789.5,85.0,-1.65
2026-08-08,OKT-018,47727,48088,703.8,76.5,0.76
2026-08-08,OKT-019,44624,45037,725.1,84.2,0.93
2026-08-08,OKT-020,18949,19320,754.1,74.1,1.96
2026-08-09,OKT-001,68637,65655,806.6,81.5,-4.34
2026-08-09,OKT-002,22590,22974,896.0,74.4,1.7
2026-08-09,OKT-003,35986,38005,749.6,83.6,5.61
2026-08-09,OKT-004,49538,47818,886.0,78.9,-3.47
2026-08-09,OKT-005,15285,14383,685.8,76.2,-5.9
2026-08-09,OKT-006,31034,31717,862.7,84.6,2.2
2026-08-09,OKT-007,52753,50897,699.1,84.9,-3.52
2026-08-09,OKT-008,66258,68873,940.2,79.0,3.95
2026-08-09,OKT-009,17171,17609,865.8,82.5,2.55
2026-08-09,OKT-010,84527,86655,754.1,74.0,2.52
2026-08-09,OKT-011,34127,34444,738.2,74.2,0.93
2026-08-09,OKT-012,47677,48179,692.4,83.2,1.05
2026-08-09,OKT-013,64158,60881,862.3,81.2,-5.11
2026-08-09,OKT-014,20156,20130,728.1,75.0,-0.13
2026-08-09,OKT-015,52490,54976,728.4,83.9,4.74
2026-08-09,OKT-016,34237,35287,715.0,77.1,3.07
2026-08-09,OKT-017,23387,24649,799.5,83.7,5.4
2026-08-09,OKT-018,47795,50337,816.4,74.3,5.32
2026-08-09,OKT-019,44751,44685,735.3,82.8,-0.15
2026-08-09,OKT-020,18976,19867,930.6,80.6,4.7
2026-08-10,OKT-001,74533,74246,697.1,85.5,-0.38
2026-08-10,OKT-002,24670,23314,754.0,83.7,-5.5
2026-08-10,OKT-003,39300,40972,870.9,86.8,4.25
2026-08-10,OKT-004,53794,56198,875.3,86.8,4.47
2026-08-10,OKT-005,16693,16383,796.5,84.9,-1.85
2026-08-10,OKT-006,33892,31931,900.8,84.9,-5.78
2026-08-10,OKT-007,57610,60482,704.3,84.8,4.98
2026-08-10,OKT-008,71950,71971,942.8,77.4,0.03
2026-08-10,OKT-009,18753,18598,664.8,85.5,-0.82
2026-08-10,OKT-010,91788,93937,764.9,81.3,2.34
2026-08-10,OKT-011,37270,36202,742.5,79.7,-2.86
2026-08-10,OKT-012,51773,54800,742.6,87.8,5.85
2026-08-10,OKT-013,70065,68629,760.2,77.8,-2.05
2026-08-10,OKT-014,22012,21082,833.4,84.4,-4.22
2026-08-10,OKT-015,56999,58338,936.2,88.0,2.35
2026-08-10,OKT-016,37390,39036,806.2,82.9,4.4
2026-08-10,OKT-017,25540,24256,925.8,80.8,-5.03
2026-08-10,OKT-018,52196,50508,772.3,76.5,-3.23
2026-08-10,OKT-019,48596,47769,805.1,78.9,-1.7
2026-08-10,OKT-020,20724,20749,867.6,78.4,0.12
2026-08-11,OKT-001,75934,76683,933.5,79.0,0.99
2026-08-11,OKT-002,24615,23146,906.6,77.3,-5.97
2026-08-11,OKT-003,39213,41360,761.9,77.9,5.48
2026-08-11,OKT-004,54805,57047,937.8,87.4,4.09
2026-08-11,OKT-005,16656,17538,719.1,87.0,5.3
2026-08-11,OKT-006,33817,33947,856.9,85.9,0.39
2026-08-11,OKT-007,57482,60843,868.7,83.5,5.85
2026-08-11,OKT-008,73303,74330,916.0,81.1,1.4
2026-08-11,OKT-009,18711,19792,739.5,76.5,5.78
2026-08-11,OKT-010,93514,89390,948.8,87.1,-4.41
2026-08-11,OKT-011,37187,35509,684.1,87.1,-4.51
2026-08-11,OKT-012,52747,50740,762.4,81.6,-3.8
2026-08-11,OKT-013,69910,68491,895.4,80.3,-2.03
2026-08-11,OKT-014,21963,22024,931.5,76.3,0.27
2026-08-11,OKT-015,58070,60889,919.0,87.9,4.85
2026-08-11,OKT-016,37307,38746,887.9,79.7,3.86
2026-08-11,OKT-017,25484,25560,681.8,78.4,0.3
2026-08-11,OKT-018,52080,49383,879.0,86.7,-5.18
2026-08-11,OKT-019,49509,48222,729.3,77.5,-2.6
2026-08-11,OKT-020,20678,19515,721.0,86.4,-5.62
2026-08-12,OKT-001,75813,76196,919.1,76.9,0.51
2026-08-12,OKT-002,24451,25338,827.9,87.6,3.63
2026-08-12,OKT-003,38950,39707,743.4,78.3,1.94
2026-08-12,OKT-004,54718,57295,889.1,82.0,4.71
2026-08-12,OKT-005,16544,17481,680.0,78.6,5.66
2026-08-12,OKT-006,33590,33296,790.1,88.0,-0.87
2026-08-12,OKT-007,57098,54394,915.4,81.4,-4.73
2026-08-12,OKT-008,73186,75039,846.1,76.4,2.53
2026-08-12,OKT-009,18586,18160,664.5,83.0,-2.29
2026-08-12,OKT-010,93365,94552,925.1,79.5,1.27
2026-08-12,OKT-011,36938,38892,934.8,85.7,5.29
2026-08-12,OKT-012,52662,53167,913.1,78.0,0.96
2026-08-12,OKT-013,69442,71018,704.7,76.7,2.27
2026-08-12,OKT-014,21816,21276,908.8,78.9,-2.48
2026-08-12,OKT-015,57978,58318,887.0,77.2,0.59
2026-08-12,OKT-016,37057,38666,705.9,77.5,4.34
2026-08-12,OKT-017,25313,25508,837.0,81.8,0.77
2026-08-12,OKT-018,51731,51040,755.8,85.5,-1.34
2026-08-12,OKT-019,49430,47206,711.0,87.3,-4.5
2026-08-12,OKT-020,20539,20822,865.2,83.4,1.38
2026-08-13,OKT-001,74934,73805,934.2,86.9,-1.51
2026-08-13,OKT-002,24456,24018,673.4,84.7,-1.79
2026-08-13,OKT-003,38960,37922,842.9,77.4,-2.66
2026-08-13,OKT-004,54083,53520,928.5,79.0,-1.04
2026-08-13,OKT-005,16548,16610,699.6,78.8,0.38
2026-08-13,OKT-006,33598,33973,938.0,88.3,1.12
2026-08-13,OKT-007,57111,56386,781.8,87.5,-1.27
2026-08-13,OKT-008,72337,75494,888.7,78.5,4.36
2026-08-13,OKT-009,18590,17656,690.5,86.0,-5.03
2026-08-13,OKT-010,92282,94251,754.1,79.4,2.13
2026-08-13,OKT-011,36947,36580,727.6,79.5,-0.99
2026-08-13,OKT-012,52052,51285,868.5,78.7,-1.47
2026-08-13,OKT-013,69459,65645,801.0,82.8,-5.49
2026-08-13,OKT-014,21821,21745,931.6,84.8,-0.35
2026-08-13,OKT-015,57305,59523,877.3,81.3,3.87
2026-08-13,OKT-016,37066,38855,814.4,80.8,4.83
2026-08-13,OKT-017,25319,23838,895.5,88.0,-5.85
2026-08-13,OKT-018,51744,53631,749.3,77.4,3.65
2026-08-13,OKT-019,48857,48677,875.8,80.2,-0.37
2026-08-13,OKT-020,20544,20796,752.9,76.5,1.23
2026-08-14,OKT-001,74401,78130,766.5,77.4,5.01
2026-08-14,OKT-002,24568,23335,753.7,81.7,-5.02
2026-08-14,OKT-003,39137,38425,849.3,84.8,-1.82
2026-08-14,OKT-004,53699,54731,885.1,88.4,1.92
2026-08-14,OKT-005,16623,16685,719.2,88.4,0.37
2026-08-14,OKT-006,33751,35646,734.4,76.6,5.61
2026-08-14,OKT-007,57371,60032,913.6,83.6,4.64
2026-08-14,OKT-008,71823,74608,837.3,87.1,3.88
2026-08-14,OKT-009,18675,18256,886.0,82.4,-2.24
2026-08-14,OKT-010,91626,95252,899.8,77.4,3.96
2026-08-14,OKT-011,37115,35926,886.7,79.8,-3.2
2026-08-14,OKT-012,51682,49204,664.9,87.2,-4.79
2026-08-14,OKT-013,69774,71549,807.6,80.3,2.54
2026-08-14,OKT-014,21921,22478,926.5,87.2,2.54
2026-08-14,OKT-015,56898,57469,769.6,82.3,1.0
2026-08-14,OKT-016,37234,37545,666.5,84.6,0.83
2026-08-14,OKT-017,25434,24585,757.6,80.4,-3.34
2026-08-14,OKT-018,51979,51485,914.5,83.5,-0.95
2026-08-14,OKT-019,48510,46754,779.8,80.4,-3.62
2026-08-14,OKT-020,20637,21740,831.9,84.6,5.34
2026-08-15,OKT-001,66465,67504,678.5,79.9,1.56
2026-08-15,OKT-002,21896,22527,781.6,79.4,2.88
2026-08-15,OKT-003,34880,35819,698.7,74.5,2.69
2026-08-15,OKT-004,47971,45915,791.4,77.7,-4.29
2026-08-15,OKT-005,14815,15227,742.5,83.4,2.78
2026-08-15,OKT-006,30080,30244,861.1,76.5,0.54
2026-08-15,OKT-007,51131,50067,775.5,76.2,-2.08
2026-08-15,OKT-008,64162,63469,730.6,82.2,-1.08
2026-08-15,OKT-009,16644,17445,819.8,75.6,4.81
2026-08-15,OKT-010,81852,78202,763.9,80.3,-4.46
2026-08-15,OKT-011,33078,32544,925.5,77.8,-1.62
2026-08-15,OKT-012,46169,45328,857.1,74.9,-1.82
2026-08-15,OKT-013,62186,58575,811.9,81.2,-5.81
2026-08-15,OKT-014,19537,18889,798.5,81.4,-3.31
2026-08-15,OKT-015,50829,49793,921.9,85.0,-2.04
2026-08-15,OKT-016,33185,33979,670.9,75.6,2.39
2026-08-15,OKT-017,22668,23730,678.5,77.8,4.69
2026-08-15,OKT-018,46326,44745,835.8,78.4,-3.41
2026-08-15,OKT-019,43335,44594,863.6,85.5,2.91
2026-08-15,OKT-020,18393,18324,871.1,77.9,-0.37
2026-08-16,OKT-001,67626,66186,774.3,75.4,-2.13
2026-08-16,OKT-002,22270,20942,732.1,83.7,-5.96
2026-08-16,OKT-003,35476,37373,915.6,79.4,5.35
2026-08-16,OKT-004,48809,47075,770.8,84.1,-3.55
2026-08-16,OKT-005,15068,14202,758.9,77.1,-5.75
2026-08-16,OKT-006,30594,31956,947.1,75.8,4.45
2026-08-16,OKT-007,52004,54112,806.9,75.1,4.05
2026-08-16,OKT-008,65282,62856,822.3,75.1,-3.72
2026-08-16,OKT-009,16928,16042,721.2,81.6,-5.23
2026-08-16,OKT-010,83282,85170,801.7,78.7,2.27
2026-08-16,OKT-011,33643,32105,857.8,79.9,-4.57
2026-08-16,OKT-012,46975,49224,892.6,82.2,4.79
2026-08-16,OKT-013,63248,59628,703.9,76.8,-5.72
2026-08-16,OKT-014,19870,19893,763.7,77.7,0.11
2026-08-16,OKT-015,51716,49459,924.3,81.5,-4.37
2026-08-16,OKT-016,33752,32406,666.9,79.1,-3.99
2026-08-16,OKT-017,23055,23181,793.8,76.6,0.55
2026-08-16,OKT-018,47117,48470,800.3,82.1,2.87
2026-08-16,OKT-019,44092,45973,747.4,79.3,4.27
2026-08-16,OKT-020,18707,19287,780.8,75.5,3.1
2026-08-17,OKT-001,72447,71346,759.8,78.1,-1.52
2026-08-17,OKT-002,23474,23289,737.0,85.2,-0.79
2026-08-17,OKT-003,37395,39376,833.3,88.3,5.3
2026-08-17,OKT-004,52288,50916,831.9,83.3,-2.62
2026-08-17,OKT-005,15883,15934,697.7,87.7,0.32
2026-08-17,OKT-006,32249,31416,836.1,83.7,-2.58
2026-08-17,OKT-007,54817,53680,697.5,82.2,-2.08
2026-08-17,OKT-008,69936,71264,716.6,78.2,1.9
2026-08-17,OKT-009,17843,18806,671.3,77.3,5.4
2026-08-17,OKT-010,89219,93626,746.4,80.5,4.94
2026-08-17,OKT-011,35463,34775,812.3,82.2,-1.94
2026-08-17,OKT-012,50324,51703,666.5,77.4,2.74
2026-08-17,OKT-013,66669,67759,866.4,79.7,1.64
2026-08-17,OKT-014,20945,21672,805.4,86.4,3.47
2026-08-17,OKT-015,55403,57213,828.1,82.9,3.27
2026-08-17,OKT-016,35577,35737,733.5,79.1,0.45
2026-08-17,OKT-017,24302,23668,813.6,82.9,-2.61
2026-08-17,OKT-018,49665,48385,738.6,82.3,-2.58
2026-08-17,OKT-019,47235,46024,828.4,82.6,-2.56
2026-08-17,OKT-020,19719,20005,860.0,77.9,1.45
2026-08-18,OKT-001,75104,73641,845.8,80.3,-1.95
2026-08-18,OKT-002,24216,23856,843.8,80.8,-1.49
2026-08-18,OKT-003,38576,37148,822.1,86.0,-3.7
2026-08-18,OKT-004,54206,56351,772.1,83.0,3.96
2026-08-18,OKT-005,16385,16245,824.6,77.9,-0.86
2026-08-18,OKT-006,33267,33304,909.1,88.6,0.11
2026-08-18,OKT-007,56549,57540,889.5,82.8,1.75
2026-08-18,OKT-008,72501,76206,866.3,79.6,5.11
2026-08-18,OKT-009,18407,18258,768.1,77.3,-0.81
2026-08-18,OKT-010,92491,97757,819.2,88.3,5.69
2026-08-18,OKT-011,36583,36967,753.6,86.2,1.05
2026-08-18,OKT-012,52170,55230,729.4,86.1,5.87
2026-08-18,OKT-013,68775,66504,832.0,85.9,-3.3
2026-08-18,OKT-014,21607,21880,703.2,80.8,1.27
2026-08-18,OKT-015,57435,59951,858.0,78.3,4.38
2026-08-18,OKT-016,36701,35209,744.6,79.3,-4.06
2026-08-18,OKT-017,25070,23743,820.9,87.2,-5.29
2026-08-18,OKT-018,51234,51550,716.5,85.8,0.62
2026-08-18,OKT-019,48968,51643,869.3,88.0,5.46
2026-08-18,OKT-020,20342,20728,874.6,86.6,1.9
2026-08-19,OKT-001,75050,72866,719.5,80.5,-2.91
2026-08-19,OKT-002,24683,24254,904.2,77.8,-1.74
2026-08-19,OKT-003,39321,38822,878.7,81.3,-1.27
2026-08-19,OKT-004,54167,51948,800.0,83.9,-4.1
2026-08-19,OKT-005,16702,16204,734.3,83.2,-2.98
2026-08-19,OKT-006,33910,33820,952.2,83.1,-0.26
2026-08-19,OKT-007,57641,57210,702.7,84.2,-0.75
2026-08-19,OKT-008,72450,69812,899.5,78.6,-3.64
2026-08-19,OKT-009,18763,19307,711.0,86.3,2.9
2026-08-19,OKT-010,92426,89686,937.2,85.3,-2.96
2026-08-19,OKT-011,37290,38802,829.7,84.7,4.06
2026-08-19,OKT-012,52133,49510,858.3,80.8,-5.03
2026-08-19,OKT-013,70103,67891,805.0,83.2,-3.16
2026-08-19,OKT-014,22024,22374,690.7,87.6,1.59
2026-08-19,OKT-015,57394,57748,823.1,77.9,0.62
2026-08-19,OKT-016,37410,36438,752.8,77.7,-2.6
2026-08-19,OKT-017,25554,25768,880.1,78.4,0.84
2026-08-19,OKT-018,52224,54542,839.3,76.9,4.44
2026-08-19,OKT-019,48933,48244,895.7,83.3,-1.41
2026-08-19,OKT-020,20735,20969,714.2,80.8,1.13
2026-08-20,OKT-001,75601,73313,761.2,78.5,-3.03
2026-08-20,OKT-002,25013,25430,841.5,82.2,1.67
2026-08-20,OKT-003,39846,38697,751.3,86.7,-2.89
2026-08-20,OKT-004,54565,57155,917.8,86.0,4.75
2026-08-20,OKT-005,16925,16347,669.9,78.5,-3.41
2026-08-20,OKT-006,34363,34797,917.6,85.2,1.26
2026-08-20,OKT-007,58411,60974,779.3,76.9,4.39
2026-08-20,OKT-008,72982,74784,811.3,88.3,2.47
2026-08-20,OKT-009,19013,19664,782.2,87.7,3.42
2026-08-20,OKT-010,93104,94813,855.9,81.8,1.84
2026-08-20,OKT-011,37788,37136,693.0,85.5,-1.73
2026-08-20,OKT-012,52515,54066,748.4,87.1,2.95
2026-08-20,OKT-013,71039,73182,690.1,77.5,3.02
2026-08-20,OKT-014,22318,23473,757.7,87.7,5.18
2026-08-20,OKT-015,57816,58216,757.8,87.2,0.69
2026-08-20,OKT-016,37910,36088,724.1,78.7,-4.81
2026-08-20,OKT-017,25895,26460,798.9,83.0,2.18
2026-08-20,OKT-018,52921,55667,790.0,82.9,5.19
2026-08-20,OKT-019,49292,46950,729.2,79.2,-4.75
2026-08-20,OKT-020,21012,21072,692.1,83.3,0.29
2026-08-21,OKT-001,75555,75114,856.4,78.2,-0.58
2026-08-21,OKT-002,24432,25442,882.4,82.0,4.14
2026-08-21,OKT-003,38920,38976,718.2,77.2,0.14
2026-08-21,OKT-004,54531,52966,925.4,78.9,-2.87
2026-08-21,OKT-005,16531,16537,736.2,88.6,0.03
2026-08-21,OKT-006,33564,34066,927.5,86.4,1.5
2026-08-21,OKT-007,57053,55836,720.3,81.9,-2.13
2026-08-21,OKT-008,72937,74759,783.9,86.5,2.5
2026-08-21,OKT-009,18571,19117,869.4,78.2,2.94
2026-08-21,OKT-010,93047,97948,937.1,88.4,5.27
2026-08-21,OKT-011,36909,35098,829.9,85.2,-4.91
2026-08-21,OKT-012,52483,51856,793.0,83.0,-1.19
2026-08-21,OKT-013,69388,66623,874.7,87.2,-3.99
2026-08-21,OKT-014,21799,20547,856.1,77.2,-5.75
2026-08-21,OKT-015,57780,59431,753.7,83.2,2.86
2026-08-21,OKT-016,37029,38626,823.6,82.2,4.31
2026-08-21,OKT-017,25293,26371,865.3,84.5,4.26
2026-08-21,OKT-018,51691,53895,811.1,85.1,4.26
2026-08-21,OKT-019,49262,47363,856.0,86.4,-3.85
2026-08-21,OKT-020,20523,19662,881.7,83.3,-4.2
2026-08-22,OKT-001,69937,73430,891.5,74.6,4.99
2026-08-22,OKT-002,22635,22708,693.0,77.5,0.32
2026-08-22,OKT-003,36058,38061,908.4,77.1,5.55
2026-08-22,OKT-004,50477,51513,799.9,83.3,2.05
2026-08-22,OKT-005,15315,14573,903.2,82.9,-4.85
2026-08-22,OKT-006,31096,30171,835.2,80.3,-2.97
2026-08-22,OKT-007,52857,54054,690.7,77.7,2.26
2026-08-22,OKT-008,67514,66298,875.6,83.7,-1.8
2026-08-22,OKT-009,17205,17811,820.1,81.3,3.52
2026-08-22,OKT-010,86128,85204,757.5,74.8,-1.07
2026-08-22,OKT-011,34195,36035,834.0,83.2,5.38
2026-08-22,OKT-012,48581,49663,677.4,76.8,2.23
2026-08-22,OKT-013,64285,66690,860.7,78.6,3.74
2026-08-22,OKT-014,20196,19643,791.6,78.6,-2.74
2026-08-22,OKT-015,53484,53361,696.2,83.0,-0.23
2026-08-22,OKT-016,34305,34570,862.9,79.5,0.77
2026-08-22,OKT-017,23433,23215,771.9,79.5,-0.93
2026-08-22,OKT-018,47890,47008,740.7,82.4,-1.84
2026-08-22,OKT-019,45599,46135,810.7,75.1,1.18
2026-08-22,OKT-020,19014,17969,712.4,84.4,-5.5
2026-08-23,OKT-001,67969,64133,886.3,83.2,-5.64
2026-08-23,OKT-002,22280,21060,752.2,77.7,-5.48
2026-08-23,OKT-003,35493,36884,879.6,85.6,3.92
2026-08-23,OKT-004,49056,51498,823.4,80.7,4.98
2026-08-23,OKT-005,15075,15737,830.0,77.7,4.39
2026-08-23,OKT-006,30608,29125,865.8,80.3,-4.85
2026-08-23,OKT-007,52029,52660,850.2,76.4,1.21
2026-08-23,OKT-008,65614,64567,922.2,74.6,-1.59
2026-08-23,OKT-009,16936,17590,845.3,80.3,3.87
2026-08-23,OKT-010,83704,88276,780.7,76.7,5.46
2026-08-23,OKT-011,33659,33960,840.3,85.7,0.9
2026-08-23,OKT-012,47213,44871,681.3,83.2,-4.96
2026-08-23,OKT-013,63278,62086,785.4,75.7,-1.88
2026-08-23,OKT-014,19880,20838,933.6,77.6,4.82
2026-08-23,OKT-015,51979,53098,846.4,79.7,2.15
2026-08-23,OKT-016,33768,35326,731.9,76.2,4.62
2026-08-23,OKT-017,23066,23760,766.0,77.2,3.01
2026-08-23,OKT-018,47139,47288,824.7,78.9,0.32
2026-08-23,OKT-019,44316,44249,800.9,79.4,-0.15
2026-08-23,OKT-020,18716,19836,820.7,83.0,5.98
2026-08-24,OKT-001,74099,78243,815.4,77.5,5.59
2026-08-24,OKT-002,24097,24778,700.3,87.1,2.83
2026-08-24,OKT-003,38388,39281,944.1,80.0,2.33
2026-08-24,OKT-004,53481,51082,820.7,78.9,-4.49
2026-08-24,OKT-005,16305,15404,760.6,79.0,-5.52
2026-08-24,OKT-006,33105,33477,750.3,77.3,1.12
2026-08-24,OKT-007,56273,53929,813.5,77.8,-4.17
2026-08-24,OKT-008,71532,72660,795.9,77.4,1.58
2026-08-24,OKT-009,18317,17396,816.8,82.0,-5.03
2026-08-24,OKT-010,91255,85904,942.5,88.7,-5.86
2026-08-24,OKT-011,36404,34579,808.6,86.5,-5.01
2026-08-24,OKT-012,51472,53530,900.4,77.2,4.0
2026-08-24,OKT-013,68439,71207,761.6,83.5,4.04
2026-08-24,OKT-014,21501,22441,702.2,77.2,4.37
2026-08-24,OKT-015,56667,59763,892.3,85.6,5.46
2026-08-24,OKT-016,36522,35507,896.5,77.4,-2.78
2026-08-24,OKT-017,24947,24847,846.7,85.5,-0.4
2026-08-24,OKT-018,50984,49353,760.5,77.3,-3.2
2026-08-24,OKT-019,48313,47490,923.9,83.9,-1.7
2026-08-24,OKT-020,20242,19680,861.6,79.3,-2.78
2026-08-25,OKT-001,77362,74874,846.7,82.2,-3.22
2026-08-25,OKT-002,24899,25612,897.1,80.0,2.86
2026-08-25,OKT-003,39665,38751,899.7,78.6,-2.31
2026-08-25,OKT-004,55836,53770,871.0,85.2,-3.7
2026-08-25,OKT-005,16848,16780,721.1,80.8,-0.4
2026-08-25,OKT-006,34207,35119,692.3,82.0,2.67
2026-08-25,OKT-007,58145,58904,722.0,82.9,1.31
2026-08-25,OKT-008,74681,72124,737.9,82.6,-3.43
2026-08-25,OKT-009,18927,19823,750.3,77.4,4.74
2026-08-25,OKT-010,95272,100699,862.6,87.1,5.7
2026-08-25,OKT-011,37616,39693,751.2,84.2,5.52
2026-08-25,OKT-012,53738,54894,718.6,87.3,2.15
2026-08-25,OKT-013,70716,70113,784.0,86.1,-0.85
2026-08-25,OKT-014,22217,23110,756.0,81.3,4.02
2026-08-25,OKT-015,59162,61689,745.8,85.9,4.27
2026-08-25,OKT-016,37737,35512,798.7,88.9,-5.9
2026-08-25,OKT-017,25777,24767,811.9,80.3,-3.92
2026-08-25,OKT-018,52681,51115,839.7,87.6,-2.97
2026-08-25,OKT-019,50440,48201,706.4,84.1,-4.44
2026-08-25,OKT-020,20916,21853,758.9,83.1,4.48
2026-08-26,OKT-001,75184,71698,860.2,83.1,-4.64
2026-08-26,OKT-002,24871,24482,873.5,84.7,-1.57
2026-08-26,OKT-003,39620,41105,941.0,77.4,3.75
2026-08-26,OKT-004,54264,51776,697.8,78.9,-4.58
2026-08-26,OKT-005,16829,16983,705.9,87.4,0.92
2026-08-26,OKT-006,34168,35586,846.6,84.8,4.15
2026-08-26,OKT-007,58080,59714,785.8,88.4,2.81
2026-08-26,OKT-008,72578,70641,709.0,88.4,-2.67
2026-08-26,OKT-009,18905,18622,796.4,88.8,-1.5
2026-08-26,OKT-010,92590,87315,794.3,79.6,-5.7
2026-08-26,OKT-011,37573,38091,725.5,78.7,1.38
2026-08-26,OKT-012,52225,49885,840.6,83.5,-4.48
2026-08-26,OKT-013,70636,70313,774.0,85.0,-0.46
2026-08-26,OKT-014,22191,20878,756.9,87.7,-5.92
2026-08-26,OKT-015,57496,56283,746.2,80.3,-2.11
2026-08-26,OKT-016,37695,38137,707.5,82.6,1.17
2026-08-26,OKT-017,25748,25617,841.4,82.9,-0.51
2026-08-26,OKT-018,52621,51300,881.5,80.2,-2.51
2026-08-26,OKT-019,49020,51030,754.4,79.3,4.1
2026-08-26,OKT-020,20892,22042,708.4,87.0,5.5
2026-08-27,OKT-001,77616,75723,806.6,81.5,-2.44
2026-08-27,OKT-002,25668,25845,824.1,88.1,0.69
2026-08-27,OKT-003,40891,42988,729.6,84.2,5.13
2026-08-27,OKT-004,56019,55917,834.5,84.6,-0.18
2026-08-27,OKT-005,17368,17452,734.9,81.3,0.48
2026-08-27,OKT-006,35263,36284,948.3,86.2,2.89
2026-08-27,OKT-007,59942,62172,829.8,85.6,3.72
2026-08-27,OKT-008,74927,70629,783.9,80.9,-5.74
2026-08-27,OKT-009,19512,20212,826.6,82.6,3.59
2026-08-27,OKT-010,95586,95260,841.1,86.3,-0.34
2026-08-27,OKT-011,38778,38204,855.7,89.4,-1.48
2026-08-27,OKT-012,53915,52684,836.9,85.0,-2.28
2026-08-27,OKT-013,72901,68695,678.4,80.6,-5.77
2026-08-27,OKT-014,22903,23294,781.4,82.5,1.71
2026-08-27,OKT-015,59357,61177,756.7,84.5,3.07
2026-08-27,OKT-016,38903,38779,681.4,81.6,-0.32
2026-08-27,OKT-017,26574,25099,728.6,87.9,-5.55
2026-08-27,OKT-018,54308,52857,877.1,88.2,-2.67
2026-08-27,OKT-019,50606,52979,902.4,83.9,4.69
2026-08-27,OKT-020,21562,20502,923.9,78.3,-4.92
2026-08-28,OKT-001,75829,72494,921.5,82.6,-4.4
2026-08-28,OKT-002,24707,25208,872.1,87.0,2.03
2026-08-28,OKT-003,39359,37873,888.5,87.8,-3.78
2026-08-28,OKT-004,54730,53956,731.3,82.4,-1.41
2026-08-28,OKT-005,16718,17128,892.2,88.5,2.46
2026-08-28,OKT-006,33942,33725,735.2,78.3,-0.64
2026-08-28,OKT-007,57696,57200,705.1,84.1,-0.86
2026-08-28,OKT-008,73202,69732,863.2,82.8,-4.74
2026-08-28,OKT-009,18781,18237,831.4,88.9,-2.89
2026-08-28,OKT-010,93385,96305,806.5,81.4,3.13
2026-08-28,OKT-011,37325,35142,768.9,81.2,-5.85
2026-08-28,OKT-012,52674,51265,866.5,83.6,-2.67
2026-08-28,OKT-013,70170,72320,783.1,85.0,3.06
2026-08-28,OKT-014,22045,23079,817.5,82.9,4.69
2026-08-28,OKT-015,57990,57992,708.0,89.3,0.0
2026-08-28,OKT-016,37446,38556,681.9,81.8,2.96
2026-08-28,OKT-017,25578,26407,826.1,83.4,3.24
2026-08-28,OKT-018,52274,54391,782.3,84.2,4.05
2026-08-28,OKT-019,49441,47884,740.0,85.3,-3.15
2026-08-28,OKT-020,20755,21166,801.8,82.5,1.98
